{
    "action": {
        "min": [
            -21.800434112548828,
            -100.0,
            -85.63636016845703,
            2.0931224822998047,
            60.15768814086914,
            0.14430014789104462
        ],
        "max": [
            65.50975799560547,
            65.1954574584961,
            100.0,
            99.48739624023438,
            99.94744110107422,
            57.14285659790039
        ],
        "mean": [
            14.424223966562076,
            -25.87444340214916,
            32.401930591324565,
            61.94773025840606,
            77.20362859104743,
            19.521098617724043
        ],
        "std": [
            26.74893584715128,
            62.69472180942551,
            72.7597015203565,
            37.51266850880183,
            11.522923425017394,
            14.900919573046176
        ],
        "count": [
            2094
        ],
        "q01": [
            -18.023865646548032,
            -81.82664756355905,
            -69.779653125847,
            23.905314440198964,
            63.72543144340844,
            1.9980608233221153
        ],
        "q10": [
            -14.09018544326634,
            -81.72815963728667,
            -59.39323144666228,
            25.07990816144406,
            69.57467479335394,
            2.1348724980148286
        ],
        "q50": [
            20.028007865111487,
            -27.952981693240577,
            63.73519598438842,
            72.59729661016684,
            71.35253779371807,
            19.084496562879185
        ],
        "q90": [
            38.440839901838814,
            36.490202331424,
            81.77376654203358,
            98.67433328907381,
            91.02635540704807,
            30.69820939217513
        ],
        "q99": [
            53.83621013631642,
            49.22173770117555,
            81.79492887314608,
            99.43742775871146,
            92.6360605305191,
            46.52224649742249
        ]
    },
    "task_index": {
        "min": [
            0
        ],
        "max": [
            0
        ],
        "mean": [
            0.0
        ],
        "std": [
            0.0
        ],
        "count": [
            2094
        ],
        "q01": [
            3.999999999999418e-16
        ],
        "q10": [
            3.999999999999418e-15
        ],
        "q50": [
            1.9999999999997088e-14
        ],
        "q90": [
            3.599999999999476e-14
        ],
        "q99": [
            3.9599999999994235e-14
        ]
    },
    "observation.state": {
        "min": [
            -20.703346252441406,
            -99.05734252929688,
            -83.21234130859375,
            3.3128833770751953,
            0.07326007634401321,
            2.397926092147827
        ],
        "max": [
            64.83267211914062,
            65.75019836425781,
            99.36479187011719,
            99.26380157470703,
            3.443223476409912,
            56.77252197265625
        ],
        "mean": [
            14.34803819269255,
            -25.202454356546045,
            32.846241354373035,
            62.15020458472834,
            3.2478146777339743,
            19.84238115604878
        ],
        "std": [
            26.54794412924351,
            63.2688156122517,
            72.27436125260581,
            37.14345076763181,
            0.12909367058407464,
            14.37224559390087
        ],
        "count": [
            2094
        ],
        "q01": [
            -17.61895589416781,
            -81.15222481445836,
            -70.2467984124487,
            24.77486200329479,
            3.2477945070149516,
            2.8135505738208266
        ],
        "q10": [
            -13.847551479580439,
            -81.14054193169387,
            -59.64470239227766,
            25.690346979363117,
            3.2478413452660555,
            2.8135505738208266
        ],
        "q50": [
            20.1681976806275,
            -27.398266062519085,
            64.61638856379243,
            72.68132188102614,
            3.24804951527096,
            19.194510113885546
        ],
        "q90": [
            37.971316801223274,
            38.545592960719695,
            81.15928921450111,
            98.71071786329817,
            3.2482576852758647,
            30.663681658838684
        ],
        "q99": [
            53.75416715526018,
            52.29906773163167,
            81.16837635688927,
            99.20744378992109,
            3.392246683200733,
            46.20968974968032
        ]
    },
    "index": {
        "min": [
            0
        ],
        "max": [
            2093
        ],
        "mean": [
            1046.5
        ],
        "std": [
            604.485662912419
        ],
        "count": [
            2094
        ],
        "q01": [
            450.2439452701979
        ],
        "q10": [
            559.5442507926609
        ],
        "q50": [
            1046.5556763132759
        ],
        "q90": [
            1533.3378208405768
        ],
        "q99": [
            1642.7560547298021
        ]
    },
    "timestamp": {
        "min": [
            0.0
        ],
        "max": [
            51.6
        ],
        "mean": [
            20.262909901305317
        ],
        "std": [
            15.914596959134641
        ],
        "count": [
            2094
        ],
        "q01": [
            0.38770807688367526
        ],
        "q10": [
            4.031051594316504
        ],
        "q50": [
            20.257131738299847
        ],
        "q90": [
            36.49083726273529
        ],
        "q99": [
            40.13811172572696
        ]
    },
    "episode_index": {
        "min": [
            0
        ],
        "max": [
            2
        ],
        "mean": [
            0.39159503342884433
        ],
        "std": [
            0.7077454122573468
        ],
        "count": [
            2094
        ],
        "q01": [
            0.3915950334288448
        ],
        "q10": [
            0.3915950334288483
        ],
        "q50": [
            0.3915950334288643
        ],
        "q90": [
            0.3915950334288803
        ],
        "q99": [
            0.39159503342888397
        ]
    },
    "frame_index": {
        "min": [
            0
        ],
        "max": [
            1548
        ],
        "mean": [
            607.8872970391595
        ],
        "std": [
            477.4379087740392
        ],
        "count": [
            2094
        ],
        "q01": [
            11.63124230935741
        ],
        "q10": [
            120.93154783182051
        ],
        "q50": [
            607.9429733524354
        ],
        "q90": [
            1094.7251178797364
        ],
        "q99": [
            1204.1433517689616
        ]
    }
}